words,resposta
mercado,neutro
ações,neutro
milhões,positivo
investidores,positivo
relações,neutro
acionistas,positivo
sobre,neutro
relações investidores,neutro
valores,neutro
diretor,neutro
valor,neutro
informações,neutro
capital,positivo
total,neutro
administração,neutro
data,neutro
cvm,litigiosa
geral,neutro
conselho,neutro
comunicado,neutro
termos,neutro
resultados,positivo
mobiliários,neutro
valores mobiliários,positivo
mil,neutro
emissão,neutro
energia,neutro
oferta,neutro
crescimento,positivo
participação,positivo
outros,neutro
comunicado mercado,neutro
cnpj,neutro
social,neutro
empresa,neutro
líquido,neutro
ano,neutro
conselho administração,neutro
relevante,positivo
bilhões,positivo
fato,neutro
operação,neutro
resultado,neutro
empresas,neutro
ebitda,neutro
operações,neutro
receita,positivo
prazo,neutro
vendas,positivo
instrução,neutro
relação,neutro
qualquer,neutro
lei,litigiosa
dia,neutro
aquisição,positivo
acordo,neutro
fato relevante,neutro
lucro,positivo
aumento,positivo
financeiro,neutro
serviços,positivo
outras,neutro
estado,neutro
despesas,negativo
negócios,positivo
investimentos,positivo
produção,positivo
venda,positivo
período,neutro
clientes,positivo
trimestre,neutro
crédito,positivo
investimento,positivo
artigo,neutro
nire,neutro
bem,neutro
caixa,positivo
distribuição,positivo
base,neutro
anos,neutro
petróleo,neutro
banco,neutro
ação,neutro
expectativas,incerteza
ativos,neutro
ordinárias,neutro
tais,neutro
diretor relações,litigiosa
futuros,neutro
acionistas mercado,neutro
condições,neutro
contrato,litigiosa
margem,positivo
mercado geral,neutro
novo,positivo
juros,positivo
operacional,neutro
ações ordinárias,positivo
financeira,positivo
operacionais,neutro
pagamento,positivo
dívida,negativo
cnpj nire,neutro
financeiras,positivo
riscos,incerteza
gestão,positivo
volume,neutro
redução,negativo
caso,litigiosa
direito,litigiosa
capacidade,positivo
médio,neutro
acima,positivo
nacional,neutro
produtos,positivo
além,positivo
informa,positivo
divulgação,positivo
lucro líquido,positivo
controle,positivo
geração,positivo
realizada,positivo
atendimento,positivo
demais,positivo
comissão,positivo
número,neutro
compra,positivo
carteira,neutro
custos,negativo
esclarecimentos,neutro
grupo,neutro
aprovar,positivo
desempenho,neutro
preferenciais,neutro
programa,neutro
parte,litigiosa
processo,litigiosa
comunica,neutro
meses,neutro
sede,neutro
sob,neutro
instrução cvm,neutro
quais,neutro
abaixo,neutro
reais,neutro
capital social,neutro
declarações,litigiosa
linhas,neutro
cada,neutro
aéreas,neutro
comissão valores,neutro
gerais,neutro
taxa,neutro
incorporação,neutro
desenvolvimento,neutro
recursos,neutro
acionista,neutro
todos,neutro
sociedade,neutro
financeiros,neutro
ofício,neutro
sistema,neutro
setor,neutro
presente,positivo
lojas,positivo
dividendos,positivo
finanças,positivo
projeções,positivo
índice,positivo
assembleia geral,litigiosa
ações preferenciais,positivo
novas,positivo
novos,positivo
comercial,positivo
nyse,positivo
executivo,positivo
bolsa valores,positivo
negócio,positivo
proposta,positivo
projetos,positivo
títulos,positivo
contratos,positivo
previsões,positivo
diretoria,positivo
reunião,positivo
recuperação,positivo
aberta cnpj,positivo
público,positivo
estimativas,positivo
objetivo,positivo
administradores,neutro
principais,positivo
qualidade,positivo
início,positivo
ltda,neutro
área,neutro
desde,neutro
pessoas,neutro
divulgado,positivo
receitas,positivo
segmento,neutro
próprio,positivo
mercados,neutro
atividades,neutro
brasileira,neutro
financeiro relações,neutro
apresentação,neutro
projeto,positivo
companhias,positivo
governança,neutro
atuais,neutro
cumprimento,positivo
estratégia,positivo
minas,neutro
melhor,positivo
incertezas,incerteza
remuneração,positivo
econômico,neutro
global,neutro
seguintes,neutro
membros,neutro
renda,positivo
futuras,incerteza
bruta,positivo
receita líquida,positivo
preços,positivo
documento,neutro
liquidação,positivo
aprovação,positivo
item,neutro
finanças relações,litigiosa
manutenção,neutro
comitê,neutro
referência,neutro
concessão,positivo
belo,positivo
patrimônio,positivo
contidas,neutro
rede,positivo
dessa,neutro
quantidade,neutro
ordinária,positivo
desta,neutro
espera,incerteza
conjunto,neutro
conta,neutro
acesso,positivo
grande,positivo
inteligentes,positivo
efeitos,neutro
estatuto,litigiosa
nire comunicado,neutro
mudanças,incerteza
ações emissão,positivo
cep,neutro
evolução,positivo
sobre capital,neutro
bilhão,positivo
agência,positivo
acionária,positivo
comunica acionistas,positivo
cargo,neutro
aérea,positivo
últimos,neutro
durante,neutro
notas,neutro
nível,positivo
sep,neutro
solicitação,neutro
valores mercadorias,positivo
oferta pública,positivo
sociedades,neutro
linha,positivo
voto,positivo
unidade,positivo
relevantes,neutro
imprensa,neutro
comerciais,positivo
capital próprio,positivo
juros sobre,positivo
alterada lei,litigiosa
mundo,incerteza
gerente,positivo
veiculada,neutro
destaques,positivo
alienação,litigiosa
var,incerteza
principalmente,neutro
possui,positivo
nota,positivo
vencimento,positivo
energética,neutro
horizonte,incerteza
cliente,positivo
consolidado,positivo
atenciosamente,positivo
superior,positivo
aviso,neutro
vez,incerteza
geral extraordinária,litigiosa
capitais,positivo
obrigações,positivo
perspectivas,incerteza
similares,neutro
líder,positivo
controladas,positivo
senhores,neutro
fluxo,positivo
referentes,neutro
potencial,positivo
serviço,positivo
unidos,positivo
emissora,neutro
aneel,litigiosa
disponíveis,positivo
superintendência,neutro
transação,neutro
fim,neutro
rio petróleo,neutro
primeira,neutro
práticas,neutro
previsto,incerteza
emitidas,neutro
campos,neutro
conter,neutro
fatos,neutro
economia,neutro
seguros,neutro
europa,neutro
esclarecimentos sobre,neutro
créditos,neutro
composição,neutro
patrimônio líquido,neutro
gente,neutro
efeito,neutro
foco,neutro
resultados futuros,incerteza
refletem,neutro
âmbito,neutro
frota,neutro
federal,neutro
mercadorias futuros,incerteza
jornal,neutro
óleo,neutro
latina,neutro
modelo,neutro
diferir,incerteza
antecipa,incerteza
notícia veiculada,neutro
societária,neutro
atuação,neutro
garantia,neutro
pessoa,neutro
varejo,neutro
natural,neutro
fiscal,litigiosa
todo,neutro
dívida líquida,negativo
toneladas,neutro
shopping,neutro
governança corporativa,positivo
aviação,incerteza
teleconferência,positivo
cerca,neutro
conclusão,positivo
código,neutro
financiamento,positivo
análise,positivo
principal,positivo
indústria,neutro
recuperação judicial,litigiosa
totalidade,neutro
função,neutro
atualmente,neutro
imposto,negativo
internacionais,neutro
legislação,litigiosa
mesma,neutro
vale,positivo
demonstrações financeiras,positivo
fins,neutro
nominal,neutro
título,neutro
contábeis,neutro
podem diferir,incerteza
política,litigiosa
instituição,positivo
oportunidades,positivo
pode conter,incerteza
total ações,neutro
ciclo,neutro
parágrafo,neutro
real,neutro
passageiros,neutro
outras informações,neutro
edital,neutro
atuais expectativas,incerteza
sustentabilidade,positivo
saldo,neutro
envolvem riscos,incerteza
objetiva,neutro
fundos,neutro
importantes,positivo
tesouraria,neutro
membro,neutro
provisão,neutro
assunto,neutro
pedidos,neutro
art,neutro
relacionamento,neutro
sido,neutro
partes,neutro
telecom,neutro
novo mercado,positivo
revisão,neutro
segue,neutro
baixo,negativo
fechamento,neutro
participantes,neutro
amortização,neutro
azul,neutro
diretor presidente,positivo
realizadas,positivo
gás natural,neutro
seguinte,neutro
melhores,positivo
aumento capital,positivo
porto,neutro
nire aberta,neutro
mobiliários cvm,neutro
alta,positivo
continuidade,neutro
menor,negativo
impacto,neutro
central,neutro
diretor finanças,positivo
junto,neutro
instituições,neutro
lançamentos,neutro
destinos,neutro
margem ebitda,neutro
considerações,neutro
referente,neutro
estatuto social,neutro
relações empresas,neutro
segurança,positivo
página,neutro
comunicação,positivo
uso,neutro
aquisição ações,positivo
razão,neutro
ativo,neutro
avenida,neutro
planos,positivo
local,neutro
bruto,neutro
parcela,neutro
contato,neutro
esclarece,positivo
portanto resultados,positivo
controladores,neutro
reserva,neutro
inscrita,neutro
espera prevê,incerteza
ocupação,neutro
termos similares,neutro
tecnologia,positivo
subsidiária,neutro
disponível,positivo
portfólio,neutro
recebeu,positivo
ifrs,neutro
industrial,positivo
rejeitar,negativo
auditoria,neutro
ebitda ajustado,positivo
prevê pretende,incerteza
tráfego,positivo
considera,positivo
marca,positivo
fluxo caixa,positivo
veículos,positivo
endividamento,negativo
países,neutro
corretora,positivo
contas,neutro
imposto renda,negativo
ambiente,neutro
regras,neutro
basear,positivo
liquidez,positivo
pagos,positivo
região,neutro
aprovou,positivo
capitalização,positivo
áreas,neutro
holding,positivo
circulação,positivo
criação,positivo
residencial,positivo
administrativas,positivo
consumidores,neutro
forte,positivo
conhecimento,positivo
fundo,positivo
econômica,positivo
especial,positivo
aplicável,neutro
república,neutro
jatos,positivo
informações aqui,neutro
relatório,neutro
baixa,negativo
aplicação,positivo
comparação,neutro
responsável,positivo
valor econômico,positivo
patrimonial,positivo
leitor,neutro
anexo,neutro
prejuízo,negativo
prezados,positivo
autorizado,positivo
convocação,positivo
executiva,positivo
processos,litigiosa
tais previsões,incerteza
resposta,neutro
outros termos,neutro
diretor executivo,positivo
bem outros,neutro
negociadas,positivo
câmbio,neutro
termos instrução,positivo
mercado capitais,positivo
saneamento,positivo
parceria,positivo
exclusivamente informações,neutro
favor,positivo
disposição,positivo
acompanhamento,positivo
refletem apenas,neutro
valor nominal,positivo
basear exclusivamente,negativo
realizado,positivo
apenas expectativas,incerteza
anuncia,positivo
sistemas,neutro
incertezas previstos,incerteza
evidentemente,neutro
independentes,positivo
indicadores,neutro
identificar tais,positivo
gea,incerteza
expectativas administradores,positivo
futuros operações,incerteza
evidentemente envolvem,positivo
visam identificar,positivo
ajustes,neutro
expectativas leitor,neutro
campo,neutro
referido,neutro
somente,positivo
deverá bem,positivo
prezados senhores,neutro
eventos futuros,incerteza
legais,litigiosa
similares visam,positivo
subsidiárias,neutro
voos,positivo
reservas,positivo
presença,positivo
disposto instrução,litigiosa
taxa ocupação,positivo
administradores termos,positivo
logística,neutro
empregados,positivo
atingiu,positivo
própria,positivo
experiência,positivo
cenário,incerteza
impostos,litigiosa
governo,neutro
artigo instrução,litigiosa
aprovada,positivo
performance,positivo
segmentos,neutro
prestação,positivo
terceiros,neutro
centro,neutro
ordinárias emissão,neutro
titulares,neutro
relacionados,neutro
alterações,neutro
tarifa,neutro
papel,neutro
tempo,neutro
incluem,neutro
rap,neutro
máximo,neutro
representando,neutro
comercialização,neutro
pessoal,neutro
transporte,neutro
queda,negativo
procedimentos,neutro
aquisições,positivo
brasileiras,neutro
divulgados,neutro
interno,neutro
previdência,positivo
integral,positivo
balcão,neutro
interesse,positivo
notes,neutro
independente,positivo
resultados operacionais,positivo
manterá,positivo
assentos,neutro
disposições,neutro
segunda,neutro
participação acionária,positivo
superintendência relações,positivo
horário,neutro
ocorrer,neutro
balanço,neutro
perdas,negativo
relativos,neutro
conformidade,positivo
energética minas,neutro
empréstimos,positivo
abertura,positivo
aberta comunicado,neutro
administrativo,neutro
publicação,neutro
capital autorizado,positivo
centavos,neutro
decorrentes,neutro
única,positivo
apresentou,neutro
necessários,positivo
utilização,positivo
financiamentos,neutro
vem público,positivo
celulose,neutro
transferência,positivo
representa,positivo
regulamento,neutro
itens,neutro
membros conselho,neutro
responsabilidade,neutro
contribuição,positivo
previstas,positivo
controlador,neutro
equipe,neutro
plataforma,neutro
cnpj aberta,neutro
administrativa,neutro
nome,neutro
retorno,positivo
cidades,neutro
resultado financeiro,positivo
último,positivo
categoria,neutro
aprovado,positivo
próximos,neutro
informados,positivo
respectivos,neutro
informações sobre,neutro
prospectivas,positivo
divulgadas,positivo
eventual,incerteza
importante,positivo
carteira crédito,positivo
relativas,neutro
infraestrutura,neutro
informações petróleo,neutro
via,neutro
volumes,positivo
decorrência,neutro
menos,negativo
recebimento,positivo
disso,incerteza
nire fato,incerteza
informado,neutro
livre,positivo
melhoria,positivo
website,negativo
adicional,positivo
estratégico,positivo
trabalho,positivo
outro,neutro
controlada,positivo
disposto artigo,litigiosa
depreciação,negativo
investidor,positivo
procedimento,litigiosa
implementação,positivo
senhor,neutro
mesmas,neutro
tabela,neutro
taxas,neutro
exercício direito,litigiosa
normas,neutro
abl,positivo
líquidas,positivo
conselho fiscal,positivo
blackrock,neutro
horas,neutro
natureza,neutro
planejamento,positivo
gwh,neutro
receber,positivo
detidas,litigiosa
consideradas,neutro
saúde,neutro
totais,positivo
anteriormente,neutro
encerramento,positivo
percentual,neutro
usinas,neutro
primeiro trimestre,neutro
manter,positivo
moeda,neutro
ato,litigiosa
aberta capital,positivo
significado,positivo
derivativos,neutro
outra,neutro
funcionários,positivo
conselheiros,positivo
acionistas controladores,positivo
marcas,positivo
industriais,positivo
negociação valores,positivo
legal,litigiosa
curto,neutro
direta,positivo
firmes,positivo
alto,positivo
combustível,neutro
artigo lei,litigiosa
comunicar,positivo
divulgada,positivo
obrigação,litigiosa
bacia,neutro
realizados,positivo
existentes,neutro
união,neutro
afirmações,positivo
atualização,positivo
substancialmente,positivo
física,neutro
acumulado,positivo
digital,positivo
oriente,positivo
ajuste,positivo
rentabilidade,positivo
estoque,neutro
limite,neutro
diretores,neutro
endereço,neutro
contratação,neutro
atua,neutro
release,neutro
cronograma,neutro
depósitos,positivo
diferentes,neutro
transações,neutro
reunião conselho,neutro
produto,positivo
atos,litigiosa
bloco,neutro
assinatura,neutro
doméstico,positivo
evento,positivo
cumprimento disposto,positivo
direito voto,positivo
benefícios,positivo
realty,neutro
apresentados,positivo
margem financeira,positivo
contra,negativo
andar,neutro
mundial,neutro
eleição,positivo
bancos,positivo
cade,litigiosa
entrada,positivo
líquida ebitda,positivo
equipamentos,positivo
emitidos,positivo
continua,neutro
regulamentação,litigiosa
atendimento disposto,positivo
cálculo,positivo
contábil,positivo
grandes,positivo
milhares,positivo
oferece,positivo
manifestação,litigiosa
conversíveis,positivo
pontos,positivo
termo,positivo
jornal valor,neutro
pagamentos,neutro
giro,positivo
usina,positivo
empresarial,neutro
prestação serviços,positivo
auditores,neutro
cancelamento,negativo
formulário,neutro
market,positivo
milhão,positivo
valor total,positivo
isa,neutro
colaboradores,positivo
entrega,positivo
geral ordinária,litigiosa
prospecto,positivo
gae,neutro
atualizado,positivo
barris,positivo
alavancagem,positivo
despesas operacionais,negativo
faturamento,positivo
ação ordinária,litigiosa
diário,neutro
sustentável,positivo
terceiro,neutro
agências,neutro
fornecedores,neutro
latibex,neutro
imobiliário,neutro
agenda,neutro
passivos,negativo
títulos valores,neutro
execução,litigiosa
instrumentos,neutro
alimentos,neutro
inflação,negativo
cartões,neutro
bndes,neutro
sede cidade,neutro
sujeita,incerteza
pedidos firmes,positivo
coordenador,neutro
comércio,neutro
jurídica,litigiosa
econômicas,positivo
conversão,neutro
imobiliários,positivo
definido,neutro
lançamento,positivo
soluções,positivo
mineração,incerteza
despesa,negativo
contratadas,positivo
cartão,neutro
adquiridas,positivo
energias,positivo
equivalentes,neutro
exploração,positivo
ofertas,positivo
bônus,positivo
negociações,positivo
liderança,positivo
além disso,neutro
minério,positivo
share,neutro
totalizando,positivo
segundo significado,neutro
governamentais,positivo
negociação refletem,positivo
engenharia,positivo
diários,neutro
geração caixa,positivo
instalada,positivo
acompanhamento empresas,positivo
conselheiro,neutro
coordenadores,neutro
diretor vicepresidente,neutro
informar acionistas,positivo
intermediários,neutro
representativas,positivo
listagem,positivo
água,neutro
sociais,positivo
fatos relevantes,positivo
transmissão energia,positivo
custódia,positivo
notícias,neutro
correspondente,neutro
ferro,positivo
oportunidade,positivo
controladora,positivo
sentido,neutro
acordos,positivo
melhores práticas,positivo
bens,neutro
consolidação,positivo
ganhos,positivo
inadimplência,negativo
agência nacional,neutro
números,neutro
cdi,neutro
pago,positivo
espécie,neutro
material,neutro
yoy,neutro
mídia,neutro
vida,neutro
executivos,neutro
vigor,positivo
relevante divulgado,positivo
nenhuma,neutro
pereira,neutro
cvm sep,litigiosa
sinergias,positivo
tema,neutro
palavras,neutro
instrumento,neutro
ministério,neutro
alguns,neutro
bom,positivo
transparência,positivo
cinquenta,neutro
poder,neutro
ambiental,positivo
cambial,incerteza
noventa,neutro
rural,positivo
siderúrgica,litigiosa
estrutura administrativa,positivo
protocolo,neutro
índices,neutro
laudo,litigiosa
corporativo,neutro
reorganização,neutro
frente,neutro
entregas,positivo
próprias,positivo
físicas,neutro
arquivados,neutro
rpk,neutro
detém,positivo
obras,positivo
informa acionistas,positivo
mudança,neutro
reuniões,positivo
anúncio,positivo
bolsa balcão,positivo
milhões reais,positivo
aumentar,positivo
histórico,neutro
aberto,neutro
produtividade,positivo
civil,litigiosa
públicos,positivo
municípios,positivo
units,neutro
celebrado,positivo
informamos,positivo
quantidade ações,neutro
otimização,positivo
prêmios,positivo
interessados,positivo
publicado,positivo
situação,neutro
passou,positivo
guidance,incerteza
faz,positivo
lucros,positivo
reunião realizada,positivo
dívidas,negativo
melhora,positivo
ações negociadas,positivo
andamento,neutro
metas,positivo
pesquisa,neutro
relações mercado,neutro
capital giro,positivo
divulgação resultados,positivo
ceo,neutro
prévio,neutro
exercício social,neutro
informações adicionais,neutro
cargos,neutro
jurídicas,litigiosa
banco central,neutro
mercado interno,positivo
expectativa,incerteza
recesso,neutro
brasileiro informa,neutro
passivo,negativo
agente,neutro
fontes,neutro
cobertura,neutro
unitário,neutro
management,neutro
condições mercado,neutro
esclarecimento,neutro
necessidade,neutro
potenciais,positivo
preliminar,neutro
premissas,neutro
manual,neutro
passado,neutro
necessárias,neutro
sobre eventos,neutro
colocação,neutro
diversas,neutro
encargos,negativo
petróleo gás,neutro
concorrência,neutro
escala,positivo
regional,neutro
relacionamento investidores,positivo
minério ferro,neutro
passando,neutro
receita bruta,positivo
impactos,neutro
superintendente,neutro
ampla,neutro
tratamento,neutro
ponto,neutro
sucesso,positivo
disse,neutro
programas,neutro
perante,neutro
todo mundo,neutro
prêmio,positivo
presidente conselho,neutro
aluguel,neutro
bjs,neutro
busca,neutro
consta,neutro
igual,neutro
parceiros,neutro
daqueles,neutro
exportações,positivo
compra ações,positivo
contatos,neutro
cnpj comunicado,neutro
contados,neutro
objetivos,positivo
curso,positivo
critério,neutro
plano negócios,positivo
titularidade,neutro
cple,litigiosa
decisões,positivo
poço,neutro
sobre notícia,neutro
securities,neutro
condição,neutro
inovação,positivo
recorde,positivo
mantém,positivo
líquidos,neutro
apresentar,positivo
transformação,positivo
etapa,neutro
tenda,neutro
brasil,neutro
rio,neutro
www,neutro
brasileiro,positivo
américa,positivo
bovespa,positivo
sul,positivo
petróleo brasileiro,positivo
linhas aéreas,positivo
norte,positivo
fbovespa,neutro
eua,positivo
brasília,neutro
aéreas inteligentes,positivo
assembléia,positivo
china,positivo
chile,positivo
belo horizonte,neutro
minas gerais,positivo
estados unidos,positivo
assembléia geral,positivo
américa latina,positivo
paraná,positivo
investidores email,positivo
nove,neutro
áfrica,neutro
www informações,neutro
oito,neutro
república chile,neutro
argentina,neutro
santo,neutro
curitiba,neutro
http,neutro
sudeste,neutro
américa norte,neutro
iorque,neutro
nova iorque,neutro
paulista,neutro
brasil américa,neutro
estado rio,neutro
valores paulo,neutro
oriente médio,neutro
rejeitar rejeitar,litigiosa
quarenta,neutro
santa,neutro
américa sul,neutro
sessenta,neutro
ásia,neutro
vôos,neutro
setenta,neutro
méxico,neutro
site www,neutro
sede brasil,neutro
norte europa,neutro
europa oriente,neutro
médio áfrica,neutro
oitenta,neutro
áfrica china,neutro
inglês,neutro
português,neutro
perda,negativo
critérios,neutro
ofíciocvm,litigiosa
registradas,neutro
venda ações,positivo
multa,litigiosa
previsão,incerteza
ofício cvm,litigiosa
quarto,neutro
anteriores,neutro
ações tesouraria,neutro
destaque,positivo
interesses,neutro
práticas governança,positivo
permite,positivo
reconhecimento,positivo
instalações,neutro
respectivo,neutro
presente data,neutro
líquido milhões,positivo
direito recesso,litigiosa
implantação,positivo
detentores,neutro
acionista controlador,neutro
indicados,neutro
nordeste,neutro
formulário referência,positivo
estudos,neutro
propostas,positivo
ton,neutro
excluindo,positivo
instruções,neutro
membro conselho,neutro
atenção,positivo
aumentou,positivo
distribuição pública,positivo
informações consideradas,neutro
ofíciocvm sep,litigiosa
autorização,neutro
aberta fato,neutro
assembleias,positivo
margem bruta,positivo
complemento,neutro
press,neutro
mil reais,positivo
deter,neutro
consideradas importantes,positivo
operacionais financeiros,positivo
pagar,positivo
votos,neutro
circulante,positivo
acionário,positivo
fundação,positivo
enviado,positivo
gerencial,positivo
possibilidade,incerteza
setores,positivo
indicação,neutro
novas ações,positivo
analistas,positivo
suporte,positivo
usd,positivo
canais,neutro
emissões,positivo
contrato compra,litigiosa
instrução cvmconforme,neutro
respectivas,positivo
auditores independentes,positivo
exportação,positivo
esforços,positivo
garantir,positivo
titular,positivo
cativo,positivo
registrada,positivo
classificação,positivo
terrenos,positivo
divulgar,positivo
minoritários,positivo
últimos meses,positivo
pib,positivo
dessa forma,positivo
expectativas administração,positivo
resgate,positivo
comparado,negativo
receita operacional,positivo
fiscais,litigiosa
administração reunião,negativo
escriturais,neutro
data emissão,neutro
market share,positivo
mil toneladas,neutro
pública aquisição,positivo
celebração,positivo
profissionais,neutro
findo,neutro
ebit,positivo
brasileiro relações,negativo
período ano,neutro
perspectiva,neutro
edição,neutro
vendas contratadas,positivo
opa,neutro
renova,positivo
aviso prévio,positivo
observado,neutro
promissórias,litigiosa
alegre,positivo
empreendimento,positivo
calendário,neutro
duzentos,neutro
manterá acionistas,positivo
prazos,neutro
duvidosa,litigiosa
metros,neutro
brasileiro relacionamento,neutro
tel documento,neutro
centers,neutro
seguro,positivo
produtos serviços,neutro
datas,neutro
integrada,positivo
definição,neutro
international,positivo
simples,positivo
exposição,neutro
nenhum,neutro
úteis,positivo
mercado intermediários,positivo
básico,neutro
hipótese,incerteza
contexto,neutro
estimado,positivo
líquido ajustado,positivo
entregues,positivo
elétricas,positivo
consolidada,positivo
iniciativas,positivo
corporativos,positivo
meta,positivo
ações circulação,positivo
última,neutro
departamento,neutro
níveis,neutro
públicas,positivo
telecomunicações,positivo
autoridades,neutro
oficial,positivo
conteúdo,neutro
incluir,positivo
ganho,positivo
resultado operacional,positivo
complementares,positivo
contínuo,positivo
adesão,positivo
credores,positivo
mix,neutro
primeiro semestre,neutro
escritura,positivo
divulgação informações,positivo
esclarecer,positivo
livres,positivo
tribunal,litigiosa
venda valores,positivo
margens,positivo
gerência,positivo
orçamento,positivo
laudo avaliação,positivo
institucionais,positivo
precedentes,positivo
empreendimentos imobiliários,positivo
família,neutro
toda,neutro
assessoria imprensa,positivo
consolidadas,positivo
adrs,positivo
aplicações,positivo
cvmcomissão,litigiosa
cvmcomissão valores,litigiosa
decorrente,positivo
preço médio,positivo
meio sistema,positivo
valor acionistas,positivo
participar,positivo
airlines,positivo
alocação,positivo
vendida,positivo
marketing,positivo
questão,incerteza
despesas administrativas,positivo
diários destinos,positivo
milhões toneladas,positivo
períodos,positivo
instituições financeiras,positivo
sujeitas mudanças,positivo
coordenador líder,positivo
estratégica,positivo
emissão debêntures,positivo
gerente geral,positivo
press release,positivo
notas promissórias,positivo
controle acionário,positivo
recorrentes,neutro
american,neutro
portugal,neutro
mudanças aviso,positivo
diesel,neutro
quotas,neutro
ampliação,positivo
proposta administração,positivo
formação,positivo
brasil bolsa,neutro
apoio,positivo
parcerias,positivo
reembolso,positivo
contribuições,positivo
adquirir,positivo
necessário,positivo
consumidor,neutro
encontrase,neutro
sócios,positivo
transcrito,neutro
correspondentes,positivo
estratégias,positivo
projeção,positivo
ratings,positivo
mercado brasileiro,positivo
reduzir,positivo
virtude,positivo
representam,positivo
lucro bruto,positivo
totalidade ações,positivo
apresentadas,positivo
combustíveis,neutro
feita,positivo
programa recompra,positivo
escritórios,positivo
troca,positivo
liquidação duvidosa,litigiosa
ofertante,positivo
mercado doméstico,positivo
registros,neutro
var var,neutro
credit,positivo
contribuição social,neutro
recompra ações,positivo
concessionárias,neutro
representantes,neutro
participação mercado,neutro
voto compra,litigiosa
frança,neutro
rio grande,neutro
tarifária,neutro
ação preferencial,positivo
perspectivas crescimento,neutro
positivo,positivo
inclusão,positivo
estável,positivo
localizado,neutro
estabelecido,positivo
retenção,neutro
constam,neutro
próximo,neutro
ágio,neutro
carteiras,neutro
efetiva,positivo
tais considerações,neutro
parcial,neutro
prestar,positivo
fundo investimento,positivo
entidades,neutro
mercado cativo,positivo
recebido,positivo
retirada,positivo
subsidiária integral,positivo
proporção,neutro
atribuições,neutro
constante,positivo
características,neutro
imediata,positivo
online,neutro
complexo,incerteza
útil,positivo
últimos anos,neutro
finais,neutro
aviação comercial,neutro
eletrônico,neutro
dias úteis,positivo
cresceu,positivo
judiciais,litigiosa
melhorias,positivo
milhões margem,positivo
derivados,neutro
localizada,positivo
deliberações,positivo
gastos,negativo
maneira,positivo
ressaltar,positivo
dependem substancialmente,positivo
assinado,positivo
mercado externo,neutro
divulgou,positivo
integralmente,positivo
trezentos,positivo
diagnósticos,incerteza
inferior,negativo
requisitos,neutro
feito,positivo
assuntos,neutro
comitês,neutro
privada,neutro
concluída,positivo
processamento,neutro
obtidos,neutro
volume vendas,neutro
envolvendo,litigiosa
quadro,neutro
siderúrgicas,neutro
emissor,neutro
renováveis,positivo
afetar,incerteza
capacidade instalada,neutro
satisfação,positivo
águas,neutro
carros,neutro
shopping centers,neutro
agregada,neutro
carne,neutro
carta,neutro
competitividade,positivo
padrões,neutro
consultoria,neutro
dessa empresa,neutro
estoques,neutro
menores,negativo
presentes,positivo
desenvolver,positivo
criação valor,positivo
geral relações,neutro
apresentado,positivo
mencionado,neutro
circunstâncias,incerteza
referidos,neutro
condições precedentes,incerteza
demonstrações contábeis,neutro
boa,positivo
disponibilidade,neutro
centros,neutro
ordinárias preferenciais,litigiosa
classes,neutro
dividendo,positivo
tributos,neutro
adquiriu,positivo
padrão,neutro
cominatória,litigiosa
fabricação,positivo
oscilações,incerteza
composição controle,litigiosa
sujeito,neutro
multa cominatória,litigiosa
adoção,positivo
bancário,neutro
pode ser,incerteza
dólares,neutro
externos,neutro
regime,neutro
patamar,neutro
aberta nire,litigiosa
divulgação arquivados,neutro
entendimento,neutro
vigente,neutro
autorizado cnpj,litigiosa
além riscos,incerteza
outras receitas,positivo
apresentados documentos,neutro
exclusivamente expectativas,incerteza
direito preferência,litigiosa
saneamento básico,positivo
cabe,neutro
bilhões bilhões,neutro
maioria,neutro
rent,positivo
organização,neutro
pouco,negativo
força,positivo
aérea baixo,negativo
renda contribuição,positivo
funções,neutro
aproximadamente milhões,neutro
forma agregada,negativo
espírito,positivo
aplicação multa,litigiosa
covid,incerteza
milhas,positivo
voos diários,positivo
relativo,neutro
tractebel,positivo
fixa,neutro
primeiros,positivo
custo baixa,positivo
veracidade,incerteza
vivo,positivo
esclarecimentos adicionais,neutro
renda fonte,positivo
ana,positivo
complementar,positivo
desinvestimentos,positivo
estimativas resultados,neutro
próprias ações,positivo
distribuidora,positivo
eficiente,positivo
casa,neutro
original,neutro
uruguai,neutro
ano passado,neutro
madri,neutro
estabelecidas,positivo
apenas projeções,neutro
executivo finanças,positivo
josé campos,positivo
utilizados,positivo
estimativas declarações,neutro
comunicados,positivo
petroquímica,positivo
usinas siderúrgicas,positivo
prestadas,positivo
veiculadas,positivo
mercado internacional,positivo
suposições,incerteza
vila,neutro
créditos liquidação,positivo
unidos américa,positivo
especiais,positivo
obtenção,positivo
baixa tarifa,positivo
maior aérea,positivo
vice,positivo
declarações futuras,incerteza
casado,neutro
doze,positivo
webcast,neutro
indicador,neutro
suspensão,incerteza
calculado,neutro
agregado,neutro
máxima,positivo
pacífico,positivo
site relações,neutro
equivalência,neutro
outras despesas,neutro
mínima,positivo
privados,neutro
quaisquer esclarecimentos,neutro
regulatório,neutro
negócio estimativas,neutro
disponibilidades,neutro
preliminares,neutro
população,neutro
geração valor,positivo
anualmente,neutro
materiais,neutro
município,neutro
website www,neutro
altamente,positivo
instalação,neutro
propriedade,neutro
vem informar,positivo
análises,neutro
gerenciamento,neutro
ontem,neutro
reforça,positivo
casos,neutro
imóveis,neutro
retomada,positivo
muitos,neutro
cnpj sob,neutro
comitê auditoria,neutro
mercado comunica,neutro
posição acionária,neutro
estarão,incerteza
procuração,neutro
vendedores,neutro
mesmos,neutro
inscrita cnpjsob,neutro
prática,positivo
prezado,neutro
cvm comunica,neutro
informou,positivo
transcrição,neutro
antecipado,positivo
operar,positivo
pandemia,incerteza
administrativo defesa,litigiosa
quarto trimestre,neutro
composto,neutro
incremento,positivo
despesas financeiras,negativo
quaisquer outros,neutro
relação investidores,positivo
tomada,neutro
rotas,neutro
sujeitos,neutro
término,neutro
trimestres,neutro
informados sobre,neutro
companhias aéreas,neutro
gerais aberta,neutro
briotel documento,litigiosa
geração transmissão,neutro
efetivo,positivo
móvel,positivo
aviação executiva,neutro
cadastro,neutro
detalhes,negativo
registrou,litigiosa
total milhões,positivo
desinvestimento,negativo
órgão,neutro
part,neutro
quinhentos,positivo
sociedades ações,positivo
técnica,neutro
divulga,positivo
anuais,positivo
inicialmente,positivo
database,neutro
competitivo,positivo
entregar,positivo
totalizou,positivo
emissores,neutro
número ações,positivo
estabelecidos,positivo
celebrou,positivo
econômicos,neutro
sala,neutro
administração realizada,positivo
instrumentos financeiros,neutro
local data,neutro
sobre linhas,neutro
consultas,neutro
descritos,neutro
básico estado,neutro
conforme divulgado,neutro
ebitda milhões,positivo
aprovações,positivo
considerados,positivo
internos,neutro
limites,incerteza
motivos,neutro
mesmas lojas,neutro
intermédio,neutro
obter,positivo
contingências,litigiosa
vinculante,neutro
custos despesas,positivo
sobre resultados,neutro
mencionada,neutro
posicionamento,neutro
inerentes,neutro
praça,neutro
dívida bruta,positivo
caráter,neutro
empréstimo,positivo
justiça,litigiosa
preço ação,positivo
apuração,positivo
china ásia,neutro
extensão,neutro
transportados,neutro
colômbia,neutro
atende,positivo
consecutivo,neutro
refino,positivo
vii,neutro
polo,neutro
administração aprovou,positivo
diversificação,positivo
listadas,positivo
dividendos juros,positivo
cargas,litigiosa
submetida,litigiosa
leis,litigiosa
legislação aplicável,litigiosa
dinheiro,neutro
prestados,neutro
edital convocação,neutro
migração,neutro
postos,neutro
prezado senhor,neutro
alterada instrução,neutro
energia vendida,positivo
coligadas,neutro
cooperação,positivo
funcionamento,positivo
ocorrido,neutro
estrutura capital,positivo
envio,neutro
geral acionistas,neutro
divisão,neutro
efetuado,positivo
mencionadas,neutro
pergunta,neutro
registrado,positivo
sobre tema,neutro
corresponde,positivo
estrangeira,positivo
reportamonos,neutro
subestação,neutro
alcançou,positivo
opção compra,neutro
planta,neutro
constitui,positivo
ocorreu,positivo
aproximadamente total,positivo
negociadas bolsas,positivo
inscrita cnpj,neutro
lei sociedades,litigiosa
destinatário,neutro
carga,neutro
maiores informações,neutro
apurado,positivo
cadeia,neutro
efetivamente,positivo
consta outras,neutro
perguntas,neutro
art instrução,neutro
galpões,neutro
relação futuro,neutro
vantagens,positivo
controle estrutura,neutro
dar,neutro
datado,neutro
posterior,neutro
representante,neutro
líquida milhões,neutro
altos,positivo
alinhada,positivo
renúncia,negativo
futuras referentes,neutro
produção petróleo,positivo
excelência,positivo
reorganização societária,positivo
termos legislação,litigiosa
decreto,neutro
história,neutro
parque,neutro
faixa,neutro
informações mercado,positivo
etapas,neutro
qualquer outra,neutro
diferença,neutro
médias,neutro
geração energia,positivo
geral conselho,positivo
investidores mercado,positivo
margem líquida,positivo
alternativas,neutro
registrados,neutro
sobras,neutro
referentes perspectivas,neutro
empréstimos financiamentos,positivo
concessionária,neutro
depositary,neutro
investment,positivo
refinaria,positivo
residenciais,neutro
vso,incerteza
contrato concessão,litigiosa
aspectos,neutro
diretrizes,neutro
estabelece,neutro
especialmente,neutro
iniciou,neutro
observância,neutro
solicita,neutro
processados,litigiosa
treinamento,neutro
assinou,positivo
canal,neutro
disciplina,neutro
mercado informado,neutro
depreciação amortização,neutro
crise,negativo
próximos anos,incerteza
possuem,positivo
indireta,neutro
atendendo,positivo
identificação,neutro
justificação,neutro
defesa econômica,negativo
publicada,neutro
conceito,neutro
completa,positivo
fator,neutro
mensais,neutro
contidas neste,neutro
destinados,neutro
questões,incerteza
afetam,incerteza
exemplo,incerteza
milhões lucro,positivo
valor ação,incerteza
especializada,positivo
contém considerações,neutro
atingindo,positivo
embora,incerteza
localizados,neutro
oferecer,positivo
equivalência patrimonial,neutro
subscritas,positivo
arrecadação,positivo
ocorrência,incerteza
novas informações,neutro
beneficiários,positivo
aprovados,positivo
arquivados portanto,neutro
investidores relações,positivo
encerrado,positivo
conexão,positivo
debêntures simples,positivo
avaliar,positivo
benefício,positivo
descoberta,positivo
havia,neutro
localidades,neutro
tarifário,positivo
tão,neutro
direito retirada,litigiosa
qualificados,positivo
arrendamento,neutro
metodologia,neutro
ações emitidas,neutro
bonds,neutro
natureza informação,neutro
nesta apresentação,neutro
cvm bovespa,neutro
data base,neutro
informar termos,neutro
pagamento dividendos,neutro
cultura,neutro
deus,neutro
valorização,positivo
meio ambiente,neutro
milhões receita,positivo
quatrocentos,positivo
gestão financeira,positivo
novos negócios,positivo
tipo esclarecimentos,neutro
destas,neutro
estratégicos,positivo
apresentada,positivo
considerada,positivo
definitivo,positivo
restrições,negativo
totalizaram,positivo
jus,negativo
monetária,positivo
parcialmente,neutro
proventos,positivo
alcançaram,positivo
divulgadas mercado,positivo
anunciou,positivo
ética,positivo
melhorar,positivo
concluiu,positivo
fundada,positivo
revisar,positivo
melhor relação,positivo
eleitos,positivo
ise,neutro
crescimento apenas,positivo
acréscimo,positivo
ranking,neutro
fazenda,neutro
operações crédito,positivo
enviada,neutro
gasolina,neutro
siderurgia,positivo
transportes,positivo
assembleias gerais,neutro
contas receber,neutro
américas,positivo
mobilidade,positivo
vinculadas,neutro
depósito,positivo
gerar,positivo
referemse,neutro
nacional energia,positivo
operacional líquida,positivo
custobenefício,positivo
dado,neutro
trabalhos,neutro
balanço patrimonial,neutro
desempenho operacional,positivo
austrália,neutro
bolívia,neutro
equity,positivo
convênio,neutro
despesas gerais,neutro
trimestre anterior,neutro
permanece,neutro
presidência,neutro
significativa,positivo
eficiência operacional,positivo
mil bpd,neutro
regulamento novo,neutro
seguros previdência,positivo
promover,positivo
brazil realty,neutro
informações financeiras,neutro
descrição,neutro
eletrônicos,positivo
reconhecida,positivo
vigência,neutro
deste ano,neutro
contida,negativo
fundamento,positivo
intermediárias,neutro
legacy,neutro
lista,neutro
parágrafoartigo,neutro
dia útil,neutro
exclui,negativo
moderna,positivo
spread,positivo
alterar composição,positivo
investidores ref,neutro
realizada dia,positivo
taxa juros,positivo
agronegócio,positivo
iniciativa,positivo
pequenas,positivo
profissional,positivo
refere,negativo
tributação,negativo
ato fato,litigiosa
podem afetar,incerteza
diz,neutro
elevação,positivo
limited,negativo
variação cambial,incerteza
atraso,negativo
acionária relevante,positivo
danos,litigiosa
holdings,positivo
vender,negativo
orgânico,positivo
administração relação,positivo
protocolo justificação,positivo
grau,neutro
investir,positivo
capital total,neutro
informação local,neutro
destinação,neutro
detida,neutro
estado paraná,neutro
pro forma,neutro
reino unido,neutro
mva,neutro
notificação,neutro
cada ação,neutro
liquidação financeira,neutro
anuência,neutro
mato,neutro
manual participação,neutro
data hoje,neutro
data pagamento,neutro
valor agregado,neutro
comunicamos,neutro
desafios,neutro
desdobramento,neutro
ordinárias ações,neutro
apreciação,neutro
comunicar acionistas,neutro
opções compra,neutro
receitas despesas,neutro
relevante termos,neutro
saneamento paraná,litigiosa
aceitação,positivo
disponíveis site,positivo
ser obtidas,positivo
compras,positivo
exercícios,positivo
adequação,positivo
educação,positivo
participação assembleia,positivo
compromissos,positivo
entregue,positivo
abastecimento,positivo
entendeu,positivo
firme,positivo
conta corrente,positivo
existente,positivo
finance,positivo
orientações,positivo
proteção,positivo
baixos,negativo
social total,positivo
exclusivo,positivo
resultando,positivo
específico,positivo
lado,neutro
mínimos,positivo
paraguai,neutro
sobre consultas,litigiosa
apresentaram,positivo
bonificação,positivo
informativo,positivo
princípios,positivo
usuários,neutro
viagens,neutro
jovem,neutro
percentuais,neutro
celebrados,positivo
referenciados,neutro
previdência capitalização,neutro
incentivo,positivo
admitidos,positivo
cinqüenta,neutro
invest,positivo
outros países,neutro
brigadeiro,neutro
destes,neutro
representação,neutro
baseada,neutro
projeções sobre,neutro
relação custobenefício,positivo
açúcar,neutro
encontramse,neutro
importação,neutro
madeira,neutro
mantidas,neutro
primária,neutro
vendidas,positivo
vias,neutro
corretora títulos,neutro
econômica cade,litigiosa
recebíveis,neutro
terminal,neutro
pregão,neutro
terceira,neutro
condições gerais,neutro
informação pública,neutro
ordinária ação,litigiosa
contratados,neutro
escritório,neutro
integrar,neutro
oeste,neutro
resultadostrimestre,neutro
condicionada,negativo
confirmação,positivo
exigências,negativo
onerosa,negativo
publicados,neutro
superintendência acompanhamento,litigiosa
casas,neutro
consonância,neutro
novecentos,neutro
esclarecimento sobre,neutro
consistente,positivo
controles,neutro
eólica,neutro
roe,negativo
índice eficiência,positivo
atualizações,positivo
realizou,positivo
caixa livre,positivo
faz parte,positivo
gerais administrativas,neutro
investidores institucionais,positivo
incorporadora,negativo
competitivos,positivo
cnpj fato,litigiosa
mercado ações,positivo
relação período,neutro
artigoinstrução,litigiosa
entende,neutro
resultadotrimestre,neutro
financeiros derivativos,positivo
relacionada,neutro
acionistas minoritários,positivo
crescer,positivo
favorável,positivo
parecer,litigiosa
grande parte,positivo
ordinárias nominativas,litigiosa
volatilidade,positivo
alocação capital,positivo
econômicofinanceiro,positivo
valor justo,positivo
permitindo,neutro
responsáveis,neutro
utilizando,neutro
negócios tais,neutro
sobre futuro,incerteza
descrito,neutro
duração,incerteza
exposto,neutro
memorando,neutro
lei instrução,litigiosa
emitido,neutro
expressos,neutro
mencionados,neutro
outras condições,neutro
ajustadas,neutro
grosso,neutro
lavra,litigiosa
perfuração,neutro
informações contato,neutro
objeto oferta,neutro
dissidentes,litigiosa
médios,neutro
outros total,neutro
documentação,neutro
modelos,neutro
consultas cvm,litigiosa
contínua,neutro
desenvolve,neutro
flexibilidade,neutro
integra,neutro
localizadas,neutro
mercados internacionais,neutro
presidente relações,litigiosa
atendidas,neutro
crédito imobiliário,neutro
departamento relações,neutro
fatores além,incerteza
arbitragem,litigiosa
hipóteses,incerteza
ofertadas,positivo
pis cofins,litigiosa
combinado,neutro
desdobramentos,incerteza
private,neutro
procurador,litigiosa
custobenefício mercado,neutro
fortalecimento,positivo
frações,neutro
patrimoniais,positivo
líquido recorrente,positivo
securities act,litigiosa
cpf,litigiosa
estudo,neutro
ratificação,incerteza
voo,neutro
art lei,litigiosa
carteira pedidos,positivo
oportunidades crescimento,positivo
plano estratégico,positivo
serviços financeiros,positivo
teleconferência resultados,positivo
link,neutro
espaço,neutro
últimas,neutro
inscritos,positivo
necessidades,neutro
tendência,neutro
líquido lucro,positivo
versão,positivo
ordem dia,neutro
artigos,neutro
declara,positivo
devendo,negativo
informa ainda,neutro
desembolso,positivo
existência,neutro
aberta sede,positivo
admitidos negociação,positivo
dias contados,incerteza
mobiliários emitidos,positivo
captura,negativo
respeitado,positivo
investidores comunicado,positivo
montante milhões,positivo
afirma,positivo
formado,positivo
milhões ações,positivo
afiliadas,negativo
valores natureza,neutro
contratada,positivo
insere,positivo
reafirma,positivo
pagamento juros,positivo
resposta ofício,positivo
implementar,positivo
intermediação,positivo
torre,positivo
ações representativas,neutro
moeda estrangeira,neutro
veiculada imprensa,litigiosa
estrangeiros,neutro
exploração produção,neutro
mobiliários bolsas,litigiosa
notícia divulgada,neutro
único artinstrução,neutro
vencidas,negativo
aviso acionistas,neutro
comunicados mercado,neutro
vários,neutro
consignado,neutro
comerciais assentos,neutro
geral recebeu,neutro
milhões ebitda,positivo
qualquer outro,neutro
relevantes divulgados,neutro
bancários,neutro
comissões,positivo
diária,neutro
informada,neutro
reservatórios,neutro
acionário estrutura,neutro
demais interessados,neutro
eventos corporativos,neutro
mercado informados,neutro
julgamento,litigiosa
durante período,neutro
motivos quais,incerteza
devidos,negativo
diretos,positivo
disseminação,neutro
distribuída,positivo
quase,incerteza
direto,positivo
fica,neutro
leilões,neutro
positiva,positivo
ressaltamos,positivo
tecnologias,positivo
qoq yoy,neutro
estadual,positivo
lembramos,positivo
objetivo identificar,positivo
atendidos,positivo
julgados,litigiosa
passagens,positivo
próforma,positivo
doze meses,neutro
mês anterior,neutro
atribuído,positivo
constituída,positivo
contato equipe,positivo
continuidade comunicado,positivo
participação capital,positivo
alertamos,positivo
luz,neutro
proforma,positivo
inteligentes bovespa,positivo
providências,positivo
ultra,neutro
vista riscos,negativo
ltm,neutro
resultante,neutro
depositary receipts,neutro
asset management,neutro
frota jovem,positivo
instrução cvmcomunica,litigiosa
valor mil,neutro
refletindo,neutro
plano recuperação,negativo
setor elétrico,positivo
conhecimento informações,positivo
contratuais,litigiosa
origem,neutro
recentes,positivo
sanções,negativo
tributárias,litigiosa
distribuição dividendos,positivo
emissão ações,neutro
resultados financeiros,positivo
finalidade,neutro
negativo,negativo
ambientais,neutro
elevado,neutro
ficou,neutro
independentemente,neutro
recentemente,positivo
renovável,positivo
suplementar,neutro
futuros tendências,positivo
ofício sae,neutro
comentários,neutro
estabelecer,positivo
porém,neutro
standard,neutro
comercial aviação,positivo
compliance,positivo
técnicos,neutro
listagem novo,positivo
mudanças condições,positivo
caminho,neutro
decidiu,positivo
formador,neutro
homologação,positivo
obrigatório,positivo
recomendação,positivo
sessão,neutro
fiduciário,positivo
localização,positivo
adquiridos,positivo
efetivação,positivo
técnico,positivo
comunicação corporativa,positivo
taxas juros,positivo
acontecimentos,neutro
deliberou,positivo
determinar,positivo
licitação,litigiosa
móveis,neutro
produzido,positivo
cinco anos,incerteza
entendeu tratar,litigiosa
cem,incerteza
juntamente,neutro
páginas,neutro
pressões,neutro
defesa segurança,positivo
ampliar,positivo
competitiva,positivo
crescente,positivo
objetivando,positivo
supervisão,neutro
esgoto,negativo
portfolio,neutro
recebida,positivo
utilizado,positivo
convênio cooperação,positivo
seguras,positivo
bancária,positivo
conforto,positivo
internas,neutro
definir,neutro
regular,positivo
anunciado,positivo
estatal,neutro
portal,neutro
tamanho,neutro
montante total,positivo
outras avenças,neutro
construtora,neutro
crenças,neutro
criar,positivo
next,neutro
verde,neutro
vôo,neutro
cada vez,positivo
consequência,neutro
expressamente,neutro
vimos,positivo
votar,positivo
mercado balcão,neutro
preferenciais emitidas,positivo
acumulados,positivo
básica,neutro
brutas,positivo
hidrelétrica,neutro
bacia campos,neutro
demais pessoas,neutro
realização oferta,positivo
antecedência,neutro
determinado,positivo
atuação internacional,positivo
divulgado mercado,positivo
certo,positivo
compõem,positivo
inciso,litigiosa
zero,neutro
cooperação firmado,positivo
fabricação jatos,positivo
face,neutro
seguida,neutro
suplente,neutro
ask rpk,neutro
cvm comissão,litigiosa
conduta,neutro
individual,neutro
pré,neutro
atuando,positivo
atuou,positivo
comercializa,positivo
desvalorização,negativo
capacidade produção,positivo
demonstração resultado,positivo
número negócios,positivo
ocorrida,neutro
oferecidos,positivo
vendido,positivo
ajustado milhões,positivo
generation,neutro
tradução,neutro
rent car,positivo
escopo,neutro
passeio,positivo
significativamente,neutro
instruções cvm,litigiosa
espanha,neutro
sumário,neutro
tampouco,neutro
base clientes,positivo
capital votante,positivo
executiva defesa,litigiosa
tel email,neutro
administradora,positivo
passaram,neutro
data comunicado,neutro
entrada operação,positivo
taxa câmbio,neutro
boletim,neutro
fornece,positivo
indicar,positivo
nacionais,positivo
organizado,positivo
praticados,positivo
repasse,positivo
cerca milhões,positivo
crescimento receita,positivo
compor,positivo
formulada,positivo
profundas,positivo
acordo contrato,positivo
atendimento ofício,positivo
cartões crédito,positivo
despesas decorrentes,positivo
final período,neutro
transmissora,positivo
desta data,positivo
jovem moderna,positivo
mercado saneamento,positivo
aceleração,positivo
adotadas,positivo
fazem,positivo
inscrito,positivo
venture,positivo
conforme disposto,neutro
potencial crescimento,positivo
reportamonos notícia,neutro
abertas,positivo
bastante,positivo
dúvidas,incerteza
fidelidade,positivo
obrigada,positivo
condições econômicas,neutro
índice sustentabilidade,positivo
registro oferta,neutro
ser divulgadas,positivo
certificação,neutro
macroeconômico,neutro
redação,neutro
âmbito convênio,neutro
acho,incerteza
longa,incerteza
nessas,neutro
desempenho setor,neutro
divulgada mídia,positivo
municípios brasileiros,neutro
basileia,neutro
obs,neutro
testes,neutro
data publicação,neutro
disposto parágrafo,neutro
agente fiduciário,neutro
setor economia,neutro
comum,neutro
gerenciais,neutro
senha,neutro
capitais relações,neutro
crescimento orgânico,positivo
receitas prestação,neutro
similares têm,neutro
trimestre ano,neutro
ações detidas,neutro
crescimento vendas,positivo
incertezas suposições,incerteza
corte,neutro
integrado,positivo
custo médio,neutro
formador mercado,neutro
limitada,neutro
mantido,neutro
properties,neutro
brasileira outros,neutro
expectativas projeções,incerteza
ajustados,neutro
clique,neutro
commodities,neutro
comportamento,neutro
consequentemente,neutro
exigência,neutro
free,neutro
obra,neutro
permanência,neutro
sujeitar,neutro
mercado regras,neutro
ordinária extraordinária,neutro
prazo anos,neutro
respeitado disposto,neutro
total total,neutro
baseado,neutro
mobiliárioscvm,neutro
regulatórias,neutro
representada,neutro
data liquidação,neutro
disposição quaisquer,neutro
valores mobiliárioscvm,neutro
bra,neutro
modernização,positivo
peças,neutro
recebidos,positivo
divulgados mercado,positivo
nyse maior,positivo
regras governamentais,neutro
decolagens,positivo
etanol,neutro
quirografária,litigiosa
rbse,neutro
regulando,neutro
roic,neutro
contínuo acesso,positivo
dow jones,positivo
gestão recursos,positivo
prazo dias,neutro
vôos diários,positivo
maranhão,neutro
recurso,neutro
restrita,neutro
sistemática,neutro
destinos brasil,neutro
veículos equivalentes,neutro
aplicado,neutro
métricas,neutro
sólida,positivo
blocos,neutro
calculada,positivo
indicadas,positivo
seguem,neutro
desempenho econômico,positivo
global notes,neutro
serviços prestados,positivo
tal baseiamse,neutro
estimada,positivo
sites,neutro
terreno,neutro
sede social,neutro
inteiros,neutro
referese,neutro
alcançaram forma,positivo
expectativas atuais,incerteza
sob código,neutro
venda participação,positivo
áudio,neutro
componentes,neutro
extinção,negativo
modificações,neutro
visão geral,positivo
alagoas,neutro
diferencial,positivo
externa,neutro
importância,positivo
itália,neutro
lançado,positivo
observadas,negativo
reforma,neutro
significa,neutro
apresentação resultados,positivo
mercado atendimento,neutro
negócio contínuo,positivo
subscrição ações,positivo
contribuindo,positivo
estabelecida,positivo
estimados,positivo
ocorridos,negativo
resumo,neutro
simultaneamente,neutro
tag,neutro
receitas operacionais,positivo
dando,positivo
destacar,positivo
fabrica,neutro
identidade,neutro
obstante,neutro
obteve,positivo
vírgula,neutro
atuar,positivo
observados,neutro
cvm respeitado,positivo
data fechamento,neutro
finanças mercado,neutro
poderá sujeitar,litigiosa
ref solicitação,neutro
cap,neutro
geridos,neutro
produzir,positivo
redes,neutro
respostas,neutro
grandes empresas,positivo
mil ações,positivo
milhões ano,positivo
debênture,neutro
silêncio,neutro
líder fabricação,positivo
competência,positivo
incorporada,positivo
superiores,positivo
acumulado ano,positivo
cominatória superintendência,litigiosa
exercício findo,positivo
sobre notícias,neutro
apresentamos,positivo
cambiais,neutro
distribuídas,positivo
ensino,positivo
informações contidas,neutro
pertinentes,neutro
dois anos,neutro
solicitação insere,neutro
direção,neutro
antecipa pretende,neutro
brasil mercados,neutro
cidade rio,neutro
qualquer ato,neutro
adequada,positivo
desconto,positivo
explicativas,positivo
transição,neutro
aprovadas,positivo
confirma,positivo
publicar,positivo
ebitda lucro,positivo
operações futuras,neutro
público geral,neutro
buscar,positivo
indicações,positivo
relations,neutro
tudo,neutro
decorrentes juros,negativo
lucro operacional,positivo
provisão créditos,negativo
responsabilidade social,positivo
tais estimativas,neutro
termos item,neutro
três anos,incerteza
diferenças,neutro
eletrônica,positivo
listada,positivo
papéis,neutro
parceiras,positivo
crescimento relação,positivo
notas explicativas,neutro
acrescido,positivo
agrícola,neutro
competitivas,positivo
elétricos,positivo
findos,neutro
incorporadas,positivo
regulamentares,neutro
segmentos aviação,positivo
novamente,incerteza
sênior,positivo
caixa líquido,neutro
notícias veiculadas,neutro
taxa selic,neutro
limaandar,incerteza
regulatórios,neutro
gerais econômicas,positivo
vendas mesmas,neutro
arquivada,neutro
correntes,neutro
denominado,neutro
leve,positivo
temas,neutro
após fechamento,neutro
assunto solicitação,neutro
bom dia,positivo
deste ofício,neutro
espécie quirografária,positivo
opera frota,positivo
voluntária,positivo
objeto deste,neutro
período silêncio,incerteza
boas,positivo
embasamento,neutro
data hora,neutro
deste comunicado,neutro
futuros quaisquer,incerteza
objetivo averiguar,neutro
voar,positivo
desempenho financeiro,positivo
econômico edição,positivo
sustentabilidade empresarial,positivo
elevados,positivo
inauguração,positivo
inteligência,positivo
remanescentes,positivo
constam seguintes,neutro
valor líquido,incerteza
coleta,neutro
vigentes,neutro
ano consecutivo,positivo
decisão investimento,positivo
pedido reserva,neutro
projeções tais,neutro
tendências financeiras,positivo
débito,negativo
disponibilização,positivo
alienação controle,positivo
desenvolve fabrica,positivo
fornecimento energia,positivo
locação,positivo
subsequentes,neutro
seguintes informações,neutro
uso atribuições,neutro
aumentos,positivo
discussões,litigiosa
rendas,positivo
embasamento grande,positivo
planejamento estratégico,positivo
resultado líquido,positivo
têm embasamento,positivo
avanço,positivo
branco,neutro
corretagem,neutro
esperados,neutro
milhões clientes,positivo
passos,positivo
aplicações financeiras,neutro
estrutura societária,neutro
financeiras afetam,positivo
onde atua,neutro
operações realizadas,neutro
declarado,neutro
devida,negativo
seguridade,positivo
reguladores,positivo
cabe ressaltar,positivo
disposições instrução,positivo
imediata disseminação,positivo
excelente,positivo
regulamentações,litigiosa
biocombustíveis,positivo
firmes entregas,positivo
geral demais,neutro
ampliada,positivo
arquivo,neutro
equilíbrio,positivo
incorporações,positivo
pedágio,neutro
prorrogação,positivo
slide,neutro
terminais,neutro
serviço público,positivo
ocasião,neutro
solar,positivo
âmbito oferta,positivo
cvmcomunica acionistas,litigiosa
tal manifestação,neutro
apresentações,neutro
assembléias,neutro
certificados,positivo
habilidade,positivo
humanos,positivo
mercantil,positivo
reduziu,positivo
resgatem,positivo
daqueles expressos,positivo
destaques financeiros,positivo
fechamento operação,positivo
reitera compromisso,positivo
jurídico,litigiosa
materialmente,positivo
sinistros,negativo
vende,positivo
ofertas públicas,positivo
contratado,positivo
federais,positivo
jornais,neutro
acumulem milhas,positivo
ajustado margem,neutro
aquisição controle,positivo
jornal estado,neutro
milhas resgatem,positivo
amortizações,neutro
cominatória valor,litigiosa
tais informações,neutro
ativa,positivo
distribuído,positivo
ecommerce,positivo
inalterado,neutro
isin,neutro
posteriores,neutro
saldos,neutro
assembleia geralfbovespa,litigiosa
futuros assembleia,incerteza
incertezas inerentes,incerteza
prejuízo outras,negativo
relevante atendimento,positivo
adquirida,positivo
aéreos,positivo
eólicos,positivo
específicos,positivo
acesso capitais,positivo
altos índices,positivo
disposto art,litigiosa
regulando exercício,litigiosa
três mil,neutro
atingiram,positivo
autorizada,positivo
maximizar,positivo
refinarias,neutro
sob gestão,neutro
três milhões,positivo
expandir,positivo
índia,neutro
referências,neutro
custos operacionais,negativo
projeções declarações,incerteza
receitas financeiras,positivo
risco crédito,incerteza
governamentais pressões,negativo
líquido exercício,positivo
pressões concorrência,negativo
vendas totais,positivo
obtido,positivo
assinatura contrato,positivo
atribuições legais,litigiosa
capitais financiar,positivo
criada,positivo
geral informados,positivo
retenção imposto,negativo
cresceram,positivo
concorrência desempenho,negativo
anunciada,neutro
corumbá,neutro
tributária,litigiosa
aquisição totalidade,neutro
utilização eficiência,positivo
denominação,neutro
mesa,neutro
administradores acionistas,neutro
mercado energética,neutro
tratar fato,neutro
confidencial,neutro
continua antecipa,positivo
empresa brasileira,neutro
planos investimento,positivo
présal bacia,neutro
estruturas,neutro
proporcional,positivo
time,neutro
aumentando,positivo
eficientes,positivo
avais,neutro
disponibilizados,positivo
extraordinários,positivo
prejuízos,negativo
reajuste tarifário,neutro
sanções administrativas,litigiosa
endereços,neutro
minutos,neutro
ponte,neutro
rumo,neutro
ações adquiridas,positivo
data vencimento,neutro
emissão própria,positivo
informações deveriam,positivo
outras sanções,litigiosa
preço aquisição,positivo
estabilidade,positivo
fit,positivo
vinculados,neutro
geral nesta,neutro
lote suplementar,positivo
negócios quantidade,positivo
prêmios emitidos,positivo
conglomerado,neutro
sinergia,positivo
contrato regulando,litigiosa
judicial cnpj,litigiosa
todos acionistas,positivo
barra,neutro
concorrentes,positivo
conflito,litigiosa
exigido,positivo
questionamentos,incerteza
ações capital,positivo
fatores externos,incerteza
investidores outras,positivo
ministério público,litigiosa
descritas,neutro
tomou,neutro
legais fundamento,litigiosa
observado disposto,neutro
esg,neutro
fgts,positivo
revista,neutro
tvm,neutro
advogados,litigiosa
associados,positivo
constituem,positivo
organizacional,neutro
cada acionista,positivo
joint venture,positivo
projeções estimativas,incerteza
vendas mercado,positivo
corporativas,positivo
diluição,incerteza
movimento,neutro
paga,positivo
lei conforme,litigiosa
práticas contábeis,neutro
alcance,positivo
alinhamento,positivo
artigolei,litigiosa
comprar,positivo
datada,neutro
efetivos,positivo
frango,neutro
verificação,neutro
águas profundas,neutro
melhor aérea,positivo
milhões mil,neutro
novo mercadofbovespa,positivo
seis meses,incerteza
valor reembolso,positivo
tornar,positivo
aluguel carros,positivo
despesas pessoal,positivo
eua europa,neutro
imprensa prezados,positivo
líquido ação,positivo
produção total,positivo
reais prejuízo,negativo
automação,positivo
comprometimento,positivo
entregou,positivo
ten,neutro
desenvolvimento econômico,positivo
estratégia crescimento,positivo
adição,neutro
anônima,neutro
autorizar,positivo
incluídas,positivo
referem,neutro
aumento relação,positivo
conselhos administração,positivo
outros ativos,positivo
reflexo,neutro
trânsito,negativo
artigo estatuto,neutro
externos além,positivo
registro cvmcnpj,neutro
integrante,positivo
empresa capacidade,positivo
preços mercado,positivo
conjunta,positivo
publicações,neutro
teste,neutro
trabalhando,positivo
acionistas ações,positivo
calendário anual,neutro
sobre operações,neutro
originalmente,neutro
societários,neutro
autorizado comunicado,neutro
estará disponível,neutro
intermediários ref,neutro
transporte aéreo,neutro
combate,neutro
confortáveis,positivo
eólico,neutro
etc,neutro
impactado,negativo
recente,neutro
brasil argentina,neutro
cvm comunicado,neutro
econômico sob,neutro
índices utilização,neutro
classificada,neutro
corporate,neutro
demonstrado,neutro
fez,neutro
fixo,neutro
liminar,litigiosa
administrativos,neutro
aumentaram,positivo
diferidos,neutro
expressões,neutro
florestal,neutro
micro,neutro
poupança,positivo
preservação,positivo
regulatória,litigiosa
sob controle,neutro
eficácia,positivo
gerando,positivo
jardim,incerteza
laudos,neutro
modificação,positivo
bloco controle,litigiosa
divulgado informa,positivo
início operação,positivo
líquida lucro,positivo
negócios gestão,positivo
seguintes afirmações,positivo
alcançar,positivo
conclusões,positivo
demandas,litigiosa
enviados,positivo
relativamente,neutro
dentre outros,neutro
jurisdição,litigiosa
demais informações,neutro
vem presente,positivo
cotações,neutro
imunes,positivo
nafta,neutro
produtiva,positivo
ambientes,neutro
captados,positivo
concluído,positivo
consequente,positivo
fianças,neutro
reforços,positivo
representem,positivo
unanimidade,positivo
administração tais,neutro
atividades operacionais,neutro
desenvolvimento produção,positivo
venda ativos,positivo
copa,neutro
disposta,positivo
efetuada,positivo
elevada,positivo
entendimentos,positivo
base informações,neutro
cerca voos,positivo
farão jus,positivo
fatos históricos,neutro
mercado desempenho,neutro
paraná cumprimento,positivo
suporte serviços,positivo
adotar,positivo
galeria,neutro
importações,positivo
letras,neutro
residentes,positivo
utilizar,positivo
vagas,neutro
qualificação,neutro
significativo,positivo
aberta registro,neutro
atendimento disposições,neutro
informações favor,positivo
aporte,positivo
inteiro,incerteza
módulo,neutro
investigação,litigiosa
pontual,positivo
trajetória,neutro
atos fatos,litigiosa
balcão organizado,positivo
vendas líquidas,positivo
avaliações,neutro
escrito,neutro
indenização,litigiosa
resultantes,neutro
aprovação conselho,positivo
limitação,neutro
aumento capacidade,positivo
quatro mil,positivo
retorno sobre,neutro
volume financeiro,neutro
comarca,litigiosa
contrapartida,neutro
parques,positivo
aumento participação,positivo
informações periódicas,neutro
produção óleo,positivo
pública distribuição,positivo
total energia,neutro
business,neutro
época,incerteza
comunicamos senhores,neutro
declarações informações,neutro
endividamento líquido,negativo
informado sobre,neutro
payout,negativo
reconhecido,positivo
disponível site,neutro
milhões aumento,positivo
ficará,incerteza
química,neutro
legislação societária,litigiosa
volume energia,neutro
assistência,positivo
carreira,neutro
responsabilidades,neutro
fazemos referência,litigiosa
participação relevante,positivo
pontos percentuais,neutro
enviadas,neutro
escola,neutro
profundidade,neutro
reconhecidos,positivo
utilizadas,positivo
corporativo relações,litigiosa
disposto item,positivo
exercer direito,positivo
financeiro líquido,positivo
reestruturação societária,positivo
aeronáutica,neutro
anexos,positivo
contribuir,positivo
estruturação,positivo
provenientes,positivo
através telefone,neutro
contratos acordos,litigiosa
duzentas,neutro
mantidos,positivo
matériaprima,neutro
operada,positivo
participa,positivo
transmite,positivo
trezentas,neutro
galpões desenvolvimento,positivo
neste documento,neutro
atribuídas,positivo
confirmadas,positivo
divulgará,positivo
financial,neutro
intermediária,neutro
precificação,neutro
stakeholders,neutro
stock,neutro
abl próprio,neutro
data realização,neutro
exceto acionistas,neutro
sobre valor,positivo
comunidade,neutro
gradual,neutro
grupamento,neutro
público federal,neutro
ademais,neutro
atinge,neutro
bilhetes,neutro
cresce,positivo
elegíveis,positivo
greenfield,neutro
programada,positivo
royalties,neutro
tradicional,positivo
custos manutenção,positivo
pequenas médias,positivo
série única,neutro
cabíveis,litigiosa
dependentes,neutro
descontos,positivo
exceção,neutro
float,neutro
retração,negativo
alienação ações,negativo
dois milhões,positivo
empresa especializada,positivo
margem operacional,neutro
sede avenida,neutro
demonstra,positivo
preto,neutro
proferida,litigiosa
ressalta,positivo
restante,neutro
avais fianças,litigiosa
comercial estado,neutro
empresa gera,positivo
meio desta,neutro
toneladas ano,neutro
diferido,neutro
expressa,positivo
produtora,positivo
requerimento,litigiosa
atingiu milhões,positivo
gera transmite,positivo
novo modelo,positivo
pública programa,positivo
transmite distribui,positivo
bovinos,positivo
descumprimento,litigiosa
reportado,positivo
viabilizar,positivo
aprovado conselho,positivo
cenário macroeconômico,neutro
cessão direitos,litigiosa
econômicofinanceiro relações,positivo
informa recebeu,positivo
oito milhões,positivo
participação acionistas,positivo
relevante energética,positivo
extração,positivo
campos estado,neutro
conforme fato,positivo
oferta empregados,positivo
primeiros meses,positivo
autos,litigiosa
locável,positivo
rateio,neutro
representar,positivo
sextafeira,neutro
tratase,neutro
averiguar conhecimento,neutro
ciclo milhões,neutro
deste artigo,neutro
legislação vigente,neutro
oferece vôos,positivo
relação troca,positivo
renova energia,positivo
totalidade participação,positivo
venda energia,positivo
amplamente,positivo
cobre,neutro
depositadas,neutro
diminuição,negativo
logístico,positivo
ponta,positivo
trabalhistas,neutro
websites,positivo
objetivo societárias,positivo
regulem exercício,positivo
saída novo,positivo
valor principal,positivo
confirmada,positivo
maximização,positivo
responsabiliza,neutro
tributários,neutro
caixa equivalentes,neutro
igual superior,positivo
índice inadimplência,negativo
plano investimentos,positivo
renda fixa,positivo
site http,positivo
sobre lucro,positivo
assumir,positivo
cabine,neutro
fixado,positivo
iniciar,positivo
revenda,litigiosa
julgados relevantes,positivo
número passageiros,neutro
resultado operações,positivo
amplo,neutro
completas,positivo
comprovante,neutro
especificamente,neutro
isentos,positivo
solidez,positivo
diferir substancialmente,negativo
futuros cvmcomissão,litigiosa
nível governança,positivo
rede mundial,neutro
transportes aéreos,positivo
últimas oscilações,neutro
deu,neutro
praia,neutro
quinhentas,neutro
reforçar,positivo
societário,positivo
vacância,neutro
atenção ofício,litigiosa
clientes todo,neutro
líquida bilhões,positivo
obrigação disposta,litigiosa
continuam,positivo
estatais,positivo
históricas,positivo
confirmação bem,positivo
muitos fatores,incerteza
referenciados ações,positivo
bairro,neutro
complementação,positivo
definitiva,positivo
detidos,negativo
votação,neutro
ação data,neutro
comercialização energia,positivo
econômicas políticas,negativo
partir desta,neutro
totalizaram milhões,positivo
claro,positivo
contidos,positivo
efetuar,positivo
intuito,positivo
petroquímico,positivo
projetado,positivo
sólido,positivo
carne bovina,positivo
mercado bovespa,positivo
recebeu correspondência,neutro
termos lei,litigiosa
comparações,neutro
custodiadas,positivo
extraordinárias,positivo
resultou,positivo
adquiriu ações,positivo
informações prestadas,neutro
milhões vendas,positivo
obrigação atualizar,positivo
despacho,neutro
habitacional,positivo
impairment,negativo
ônus,positivo
potência,positivo
problemas,negativo
reconhecidas,positivo
rodoviárias,positivo
construção civil,positivo
número total,positivo
oferta restrita,negativo
qualquer informação,neutro
aprimoramento,positivo
indiretos,positivo
máquinas,positivo
recebidas,positivo
residência,positivo
acionistas inscritos,neutro
eventos resultados,neutro
financeira gerencial,neutro
futuras palavras,incerteza
aviation,neutro
diretas,neutro
laboratório,neutro
acionistas direito,neutro
argentina bolívia,neutro
financeiro corporativo,neutro
indústria comércio,neutro
prestar esclarecimentos,neutro
qualquer responsabilidade,litigiosa
últimos doze,neutro
detentora,neutro
investidos,neutro
reduzindo,neutro
reforço,neutro
terrestres,neutro
cliente país,neutro
direitos obrigações,litigiosa
investidores diretor,neutro
moeda corrente,neutro
ocupação mercado,neutro
ordem superintendência,neutro
sobre expectativas,incerteza
concluídas,neutro
discutidos,litigiosa
mantêm,neutro
alguns clientes,neutro
finanças diretor,neutro
quaisquer contratos,neutro
referida notícia,neutro
audiência,neutro
frotas,neutro
